{"Storms" : 
   [
	  {
		"Season": 2016,
		"Basin": "EP",
		"Sub_basin": "MM",
		"Name": "BLAS",
		"ISO_time": "06JUL2016:00:00:00.00",
		"Type": "TS",
		"Latitude": 14.3,
		"Longitude": -121.2,
		"Wind": 120,
		"Pressure": 947,
		"Hem_NS": "N",
		"Hem_EW": "W",
		"Region": "Pacific"
	  },
	  {
		"Season": 2016,
		"Basin": "EP",
		"Sub_basin": "MM",
		"Name": "CELIA",
		"ISO_time": "11JUL2016:18:00:00.00",
		"Type": "TS",
		"Latitude": 15.1,
		"Longitude": -125.8,
		"Wind": 85,
		"Pressure": 972,
		"Hem_NS": "N",
		"Hem_EW": "W",
		"Region": "Pacific"
	  },
	  {
		"Season": 2016,
		"Basin": "EP",
		"Sub_basin": "MM",
		"Name": "DARBY",
		"ISO_time": "16JUL2016:18:00:00.00",
		"Type": "TS",
		"Latitude": 17.9,
		"Longitude": -124.4,
		"Wind": 105,
		"Pressure": 958,
		"Hem_NS": "N",
		"Hem_EW": "W",
		"Region": "Pacific"
	  },
	  {
		"Season": 2016,
		"Basin": "EP",
		"Sub_basin": "MM",
		"Name": "GEORGETTE",
		"ISO_time": "25JUL2016:06:00:00.00",
		"Type": "TS",
		"Latitude": 16.6,
		"Longitude": -126.4,
		"Wind": 115,
		"Pressure": 952,
		"Hem_NS": "N",
		"Hem_EW": "W",
		"Region": "Pacific"
	  },
	  {
		"Season": 2016,
		"Basin": "EP",
		"Sub_basin": "MM",
		"Name": "LESTER",
		"ISO_time": "31AUG2016:06:00:00.00",
		"Type": "TS",
		"Latitude": 17.7,
		"Longitude": -137,
		"Wind": 125,
		"Pressure": 944,
		"Hem_NS": "N",
		"Hem_EW": "W",
		"Region": "Pacific"
	  },
	  {
		"Season": 2016,
		"Basin": "EP",
		"Sub_basin": "MM",
		"Name": "NEWTON",
		"ISO_time": "06SEP2016:06:00:00.00",
		"Type": "TS",
		"Latitude": 22.1,
		"Longitude": -109.5,
		"Wind": 80,
		"Pressure": 977,
		"Hem_NS": "N",
		"Hem_EW": "W",
		"Region": "Pacific"
	  },
	  {
		"Season": 2016,
		"Basin": "EP",
		"Sub_basin": "MM",
		"Name": "ORLENE",
		"ISO_time": "13SEP2016:00:00:00.00",
		"Type": "TS",
		"Latitude": 18.4,
		"Longitude": -119.1,
		"Wind": 95,
		"Pressure": 970,
		"Hem_NS": "N",
		"Hem_EW": "W",
		"Region": "Pacific"
	  },
	  {
		"Season": 2016,
		"Basin": "EP",
		"Sub_basin": "MM",
		"Name": "PAINE",
		"ISO_time": "19SEP2016:18:00:00.00",
		"Type": "TS",
		"Latitude": 22,
		"Longitude": -116.1,
		"Wind": 80,
		"Pressure": 979,
		"Hem_NS": "N",
		"Hem_EW": "W",
		"Region": "Pacific"
	  },
	  {
		"Season": 2016,
		"Basin": "EP",
		"Sub_basin": "CP",
		"Name": "PALI",
		"ISO_time": "13JAN2016:00:00:00.00",
		"Type": "TS",
		"Latitude": 5.7,
		"Longitude": -171,
		"Wind": 85,
		"Pressure": 977,
		"Hem_NS": "N",
		"Hem_EW": "W",
		"Region": "Pacific"
	  },
	  {
		"Season": 2016,
		"Basin": "EP",
		"Sub_basin": "MM",
		"Name": "SEYMOUR",
		"ISO_time": "26OCT2016:06:00:00.00",
		"Type": "TS",
		"Latitude": 16.2,
		"Longitude": -118.4,
		"Wind": 130,
		"Pressure": 940,
		"Hem_NS": "N",
		"Hem_EW": "W",
		"Region": "Pacific"
	  },
	  {
		"Season": 2016,
		"Basin": "NA",
		"Sub_basin": "NA",
		"Name": "GASTON",
		"ISO_time": "31AUG2016:00:00:00.00",
		"Type": "TS",
		"Latitude": 32.7,
		"Longitude": -51.5,
		"Wind": 105,
		"Pressure": 955,
		"Hem_NS": "N",
		"Hem_EW": "W",
		"Region": "Atlantic"
	  },
	  {
		"Season": 2016,
		"Basin": "NA",
		"Sub_basin": "CS",
		"Name": "MATTHEW",
		"ISO_time": "01OCT2016:00:00:00.00",
		"Type": "TS",
		"Latitude": 13.4,
		"Longitude": -71.9,
		"Wind": 145,
		"Pressure": 942,
		"Hem_NS": "N",
		"Hem_EW": "W",
		"Region": "Atlantic"
	  },
	  {
		"Season": 2016,
		"Basin": "NA",
		"Sub_basin": "NA",
		"Name": "NICOLE",
		"ISO_time": "13OCT2016:06:00:00.00",
		"Type": "TS",
		"Latitude": 30.6,
		"Longitude": -66.2,
		"Wind": 120,
		"Pressure": 950,
		"Hem_NS": "N",
		"Hem_EW": "W",
		"Region": "Atlantic"
	  },
	  {
		"Season": 2016,
		"Basin": "NA",
		"Sub_basin": "CS",
		"Name": "OTTO",
		"ISO_time": "24NOV2016:12:00:00.00",
		"Type": "TS",
		"Latitude": 11,
		"Longitude": -83,
		"Wind": 100,
		"Pressure": 975,
		"Hem_NS": "N",
		"Hem_EW": "W",
		"Region": "Atlantic"
	  },
	  {
		"Season": 2016,
		"Basin": "SI",
		"Sub_basin": "MM",
		"Name": "EMERAUDE",
		"ISO_time": "17MAR2016:06:00:00.00",
		"Type": "TS",
		"Latitude": -10.5,
		"Longitude": 84.1,
		"Wind": 110,
		"Pressure": 940,
		"Hem_NS": "S",
		"Hem_EW": "E",
		"Region": "South Pacific/Indian"
	  },
	  {
		"Season": 2016,
		"Basin": "SI",
		"Sub_basin": "MM",
		"Name": "FANTALA",
		"ISO_time": "18APR2016:06:00:00.00",
		"Type": "TS",
		"Latitude": -9.3,
		"Longitude": 49.6,
		"Wind": 135,
		"Pressure": 910,
		"Hem_NS": "S",
		"Hem_EW": "E",
		"Region": "South Pacific/Indian"
	  },
	  {
		"Season": 2016,
		"Basin": "SI",
		"Sub_basin": "MM",
		"Name": "URIAH",
		"ISO_time": "17FEB2016:18:00:00.00",
		"Type": "TS",
		"Latitude": -19.3,
		"Longitude": 79.6,
		"Wind": 110,
		"Pressure": 925,
		"Hem_NS": "S",
		"Hem_EW": "E",
		"Region": "South Pacific/Indian"
	  },
	  {
		"Season": 2016,
		"Basin": "SP",
		"Sub_basin": "MM",
		"Name": "AMOS",
		"ISO_time": "23APR2016:18:00:00.00",
		"Type": "NR",
		"Latitude": -13.6,
		"Longitude": -171.1,
		"Wind": 80,
		"Pressure": 973,
		"Hem_NS": "S",
		"Hem_EW": "W",
		"Region": "South Pacific/Indian"
	  },
	  {
		"Season": 2016,
		"Basin": "SP",
		"Sub_basin": "MM",
		"Name": "ULA",
		"ISO_time": "10JAN2016:05:00:00.00",
		"Type": "NR",
		"Latitude": -20.2,
		"Longitude": 170.7,
		"Wind": 100,
		"Pressure": 945,
		"Hem_NS": "S",
		"Hem_EW": "E",
		"Region": "South Pacific/Indian"
	  },
	  {
		"Season": 2016,
		"Basin": "SP",
		"Sub_basin": "MM",
		"Name": "VICTOR",
		"ISO_time": "18JAN2016:18:00:00.00",
		"Type": "NR",
		"Latitude": -20.2,
		"Longitude": -166.3,
		"Wind": 80,
		"Pressure": 960,
		"Hem_NS": "S",
		"Hem_EW": "W",
		"Region": "South Pacific/Indian"
	  },
	  {
		"Season": 2016,
		"Basin": "SP",
		"Sub_basin": "MM",
		"Name": "WINSTON",
		"ISO_time": "20FEB2016:03:00:00.00",
		"Type": "NR",
		"Latitude": -17.3,
		"Longitude": 179.3,
		"Wind": 150,
		"Pressure": 884,
		"Hem_NS": "S",
		"Hem_EW": "E",
		"Region": "South Pacific/Indian"
	  },
	  {
		"Season": 2016,
		"Basin": "WP",
		"Sub_basin": "MM",
		"Name": "CHABA",
		"ISO_time": "03OCT2016:15:00:00.00",
		"Type": "TS",
		"Latitude": 26.2,
		"Longitude": 126.6,
		"Wind": 115,
		"Pressure": 905,
		"Hem_NS": "N",
		"Hem_EW": "E",
		"Region": "Pacific"
	  },
	  {
		"Season": 2016,
		"Basin": "WP",
		"Sub_basin": "MM",
		"Name": "HAIMA",
		"ISO_time": "19OCT2016:00:00:00.00",
		"Type": "TS",
		"Latitude": 16.1,
		"Longitude": 126,
		"Wind": 115,
		"Pressure": 900,
		"Hem_NS": "N",
		"Hem_EW": "E",
		"Region": "Pacific"
	  },
	  {
		"Season": 2016,
		"Basin": "WP",
		"Sub_basin": "MM",
		"Name": "LIONROCK",
		"ISO_time": "28AUG2016:18:00:00.00",
		"Type": "TS",
		"Latitude": 29.4,
		"Longitude": 140.5,
		"Wind": 90,
		"Pressure": 940,
		"Hem_NS": "N",
		"Hem_EW": "E",
		"Region": "Pacific"
	  },
	  {
		"Season": 2016,
		"Basin": "WP",
		"Sub_basin": "MM",
		"Name": "MALAKAS",
		"ISO_time": "19SEP2016:09:00:00.00",
		"Type": "TS",
		"Latitude": 30.5,
		"Longitude": 129.1,
		"Wind": 95,
		"Pressure": 940,
		"Hem_NS": "N",
		"Hem_EW": "E",
		"Region": "Pacific"
	  },
	  {
		"Season": 2016,
		"Basin": "WP",
		"Sub_basin": "MM",
		"Name": "MEGI",
		"ISO_time": "27SEP2016:03:00:00.00",
		"Type": "TS",
		"Latitude": 23.7,
		"Longitude": 122.5,
		"Wind": 85,
		"Pressure": 945,
		"Hem_NS": "N",
		"Hem_EW": "E",
		"Region": "Pacific"
	  },
	  {
		"Season": 2016,
		"Basin": "WP",
		"Sub_basin": "MM",
		"Name": "MERANTI",
		"ISO_time": "13SEP2016:12:00:00.00",
		"Type": "TS",
		"Latitude": 20.4,
		"Longitude": 122.9,
		"Wind": 120,
		"Pressure": 890,
		"Hem_NS": "N",
		"Hem_EW": "E",
		"Region": "Pacific"
	  },
	  {
		"Season": 2016,
		"Basin": "WP",
		"Sub_basin": "MM",
		"Name": "NEPARTAK",
		"ISO_time": "07JUL2016:12:00:00.00",
		"Type": "TS",
		"Latitude": 22,
		"Longitude": 122.6,
		"Wind": 110,
		"Pressure": 900,
		"Hem_NS": "N",
		"Hem_EW": "E",
		"Region": "Pacific"
	  },
	  {
		"Season": 2016,
		"Basin": "WP",
		"Sub_basin": "MM",
		"Name": "NOCK-TEN",
		"ISO_time": "24DEC2016:18:00:00.00",
		"Type": "TS",
		"Latitude": 13.6,
		"Longitude": 126.7,
		"Wind": 105,
		"Pressure": 915,
		"Hem_NS": "N",
		"Hem_EW": "E",
		"Region": "Pacific"
	  },
	  {
		"Season": 2016,
		"Basin": "WP",
		"Sub_basin": "MM",
		"Name": "SARIKA",
		"ISO_time": "15OCT2016:18:00:00.00",
		"Type": "TS",
		"Latitude": 15.8,
		"Longitude": 121.8,
		"Wind": 95,
		"Pressure": 935,
		"Hem_NS": "N",
		"Hem_EW": "E",
		"Region": "Pacific"
	  },
	  {
		"Season": 2016,
		"Basin": "WP",
		"Sub_basin": "MM",
		"Name": "SONGDA",
		"ISO_time": "12OCT2016:00:00:00.00",
		"Type": "TS",
		"Latitude": 31.3,
		"Longitude": 151,
		"Wind": 100,
		"Pressure": 925,
		"Hem_NS": "N",
		"Hem_EW": "E",
		"Region": "Pacific"
	  }
	]
}
